Measurement taken on,Hydrometer distance
2020-10-12T07:17:27+00:00,7.01
2020-10-12T07:17:50+00:00,7.1
2020-10-12T07:19:00+00:00,6.93
2020-10-12T07:19:46+00:00,6.87
2020-10-12T07:26:40+00:00,6.92
2020-10-12T07:30:37+00:00,7.1
2020-10-12T07:34:05+00:00,6.97
2020-10-12T07:35:49+00:00,7.11
2020-10-12T07:36:34+00:00,7.24
2020-10-12T07:36:56+00:00,7.19
2020-10-12T07:38:28+00:00,7.03
2020-10-12T07:39:36+00:00,7.12
2020-10-12T07:43:41+00:00,7.32
2020-10-12T07:48:02+00:00,6.9
2020-10-12T07:50:08+00:00,6.93
2020-10-12T07:50:54+00:00,6.9
2020-10-12T07:51:40+00:00,7.19
2020-10-12T07:52:25+00:00,7.19
2020-10-12T07:52:47+00:00,7.23
2020-10-12T07:55:52+00:00,6.98
2020-10-12T07:57:25+00:00,6.97
2020-10-12T07:57:47+00:00,7.15
2020-10-12T07:58:57+00:00,7.02
2020-10-12T08:04:03+00:00,7.23
2020-10-12T08:04:50+00:00,6.69
2020-10-12T08:06:00+00:00,6.73
2020-10-12T08:06:22+00:00,7.15
2020-10-12T08:10:07+00:00,7.24
2020-10-12T08:12:02+00:00,7.19
2020-10-12T08:13:58+00:00,6.8
2020-10-12T08:15:07+00:00,7.25
2020-10-12T08:15:55+00:00,6.71
2020-10-12T08:17:06+00:00,6.64
2020-10-12T08:19:48+00:00,6.84
2020-10-12T08:21:46+00:00,6.89
2020-10-12T08:22:09+00:00,6.99
2020-10-12T08:22:55+00:00,7.11
2020-10-12T08:29:49+00:00,7.06
2020-10-12T08:36:41+00:00,7.06
2020-10-12T08:39:26+00:00,6.73
2020-10-12T08:40:38+00:00,7.07
2020-10-12T08:40:59+00:00,6.55
2020-10-12T08:42:33+00:00,7.02
2020-10-12T08:43:20+00:00,7.06
2020-10-12T08:50:07+00:00,6.94
2020-10-12T08:50:53+00:00,7.02
2020-10-12T08:51:40+00:00,6.89
2020-10-12T08:57:08+00:00,6.97
2020-10-12T08:59:06+00:00,6.96
2020-10-12T08:59:28+00:00,6.96
2020-10-12T09:01:01+00:00,6.97
2020-10-12T09:01:46+00:00,7.01
2020-10-12T09:05:37+00:00,6.96
2020-10-12T09:07:59+00:00,7.01
2020-10-12T09:08:21+00:00,6.98
2020-10-12T09:11:09+00:00,7.01
2020-10-12T09:17:17+00:00,7.01
2020-10-12T09:19:16+00:00,6.97
2020-10-12T09:21:14+00:00,6.79
2020-10-12T09:21:36+00:00,6.96
2020-10-12T09:23:59+00:00,6.76
2020-10-12T09:25:33+00:00,6.59
2020-10-12T09:27:09+00:00,6.6
2020-10-12T09:27:55+00:00,6.64
2020-10-12T09:28:17+00:00,6.6
2020-10-12T09:29:02+00:00,6.64
2020-10-12T09:29:49+00:00,6.65
2020-10-12T09:30:35+00:00,6.59
2020-10-12T09:30:57+00:00,6.6
2020-10-12T09:35:18+00:00,6.59
2020-10-12T09:36:03+00:00,6.56
2020-10-12T09:36:49+00:00,6.59
2020-10-12T09:38:23+00:00,6.6
2020-10-12T09:39:09+00:00,6.59
2020-10-12T09:40:43+00:00,6.59
2020-10-12T09:46:18+00:00,6.83
2020-10-12T09:47:54+00:00,6.87
2020-10-12T09:49:53+00:00,6.97
2020-10-12T09:51:51+00:00,6.91
2020-10-12T09:52:13+00:00,6.94
2020-10-12T09:56:58+00:00,6.57
2020-10-12T09:57:56+00:00,6.96
2020-10-12T09:59:08+00:00,6.83
2020-10-12T10:00:41+00:00,6.88
2020-10-12T10:01:03+00:00,7.01
2020-10-12T10:05:57+00:00,6.92
2020-10-12T10:06:19+00:00,7.07
2020-10-12T10:08:05+00:00,7.06
2020-10-12T10:08:29+00:00,6.96
2020-10-12T10:11:40+00:00,7.02
2020-10-12T10:12:01+00:00,6.94
2020-10-12T10:14:45+00:00,7.06
2020-10-12T10:15:06+00:00,7.06
2020-10-12T10:15:53+00:00,7.06
2020-10-12T10:18:14+00:00,7.02
2020-10-12T10:25:44+00:00,7.06
2020-10-12T10:27:15+00:00,6.97
2020-10-12T10:28:25+00:00,6.81
2020-10-12T10:29:11+00:00,6.76
2020-10-12T10:29:57+00:00,6.77
2020-10-12T10:30:44+00:00,6.8
2020-10-12T10:32:18+00:00,6.64
2020-10-12T10:33:04+00:00,6.64
2020-10-12T10:33:26+00:00,6.66
2020-10-12T10:36:58+00:00,6.64
2020-10-12T10:37:45+00:00,6.6
2020-10-12T10:38:07+00:00,6.64
2020-10-12T10:40:03+00:00,6.64
2020-10-12T10:42:22+00:00,6.36
2020-10-12T10:44:17+00:00,6.48
2020-10-12T10:46:13+00:00,6.65
2020-10-12T10:46:59+00:00,6.53
2020-10-12T10:48:57+00:00,6.63
2020-10-12T10:49:54+00:00,6.67
2020-10-12T10:51:28+00:00,6.63
2020-10-12T10:51:49+00:00,6.25
2020-10-12T10:54:57+00:00,6.56
2020-10-12T10:55:19+00:00,6.5
2020-10-12T10:58:26+00:00,6.23
2020-10-12T10:59:35+00:00,6.54
2020-10-12T10:59:58+00:00,6.41
2020-10-12T11:01:31+00:00,6.41
2020-10-12T11:03:52+00:00,6.49
2020-10-12T11:06:13+00:00,6.58
2020-10-12T11:09:00+00:00,6.47
2020-10-12T11:09:22+00:00,6.64
2020-10-12T11:11:54+00:00,6.56
2020-10-12T11:14:26+00:00,6.76
2020-10-12T11:14:50+00:00,6.46
2020-10-12T11:18:49+00:00,6.64
2020-10-12T11:19:58+00:00,6.51
2020-10-12T11:20:23+00:00,6.6
2020-10-12T11:21:09+00:00,6.47
2020-10-12T11:24:43+00:00,6.55
2020-10-12T11:25:05+00:00,6.27
2020-10-12T11:25:52+00:00,6.68
2020-10-12T11:27:27+00:00,6.65
2020-10-12T11:30:13+00:00,6.6
2020-10-12T11:35:45+00:00,6.51
2020-10-12T11:36:43+00:00,6.84
2020-10-12T11:37:53+00:00,6.56
2020-10-12T11:39:02+00:00,6.53
2020-10-12T11:39:23+00:00,6.7
2020-10-12T11:40:44+00:00,6.78
2020-10-12T11:41:31+00:00,6.55
2020-10-12T11:42:40+00:00,6.7
2020-10-12T11:47:02+00:00,6.73
2020-10-12T11:48:00+00:00,6.69
2020-10-12T11:50:23+00:00,6.82
2020-10-12T11:52:20+00:00,6.82
2020-10-12T11:53:05+00:00,6.65
2020-10-12T11:54:17+00:00,6.69
2020-10-12T11:56:14+00:00,6.78
2020-10-12T11:56:36+00:00,6.78
2020-10-12T11:58:10+00:00,6.61
2020-10-12T12:00:32+00:00,6.7
2020-10-12T12:04:07+00:00,6.69
2020-10-12T12:05:16+00:00,6.65
2020-10-12T12:09:56+00:00,6.57
2020-10-12T12:10:18+00:00,6.54
2020-10-12T12:12:33+00:00,6.59
2020-10-12T12:14:55+00:00,6.64
2020-10-12T12:18:04+00:00,6.67
2020-10-12T12:20:46+00:00,6.66
2020-10-12T12:21:32+00:00,6.7
2020-10-12T12:22:42+00:00,6.54
2020-10-12T12:23:17+00:00,6.7
2020-10-12T12:26:02+00:00,6.54
2020-10-12T12:26:47+00:00,6.53
2020-10-12T12:27:33+00:00,6.75
2020-10-12T12:28:20+00:00,6.61
2020-10-12T12:29:43+00:00,6.65
2020-10-12T12:30:29+00:00,6.78
2020-10-12T12:32:02+00:00,6.76
2020-10-12T12:36:21+00:00,6.7
2020-10-12T12:37:56+00:00,6.71
2020-10-12T12:40:41+00:00,6.61
2020-10-12T12:41:51+00:00,6.7
2020-10-12T12:43:25+00:00,6.69
2020-10-12T17:37:17+00:00,7.16
2020-10-12T17:40:40+00:00,7.09
2020-10-12T17:41:49+00:00,7.23
2020-10-12T17:42:35+00:00,7.16
2020-10-12T17:43:44+00:00,7.64
2020-10-12T17:44:34+00:00,7.41
2020-10-12T17:45:20+00:00,7.29
2020-10-12T17:45:42+00:00,7.22
2020-10-12T17:46:29+00:00,7.64
2020-10-12T17:49:58+00:00,7.08
2020-10-12T17:50:20+00:00,7.55
2020-10-12T17:53:51+00:00,7.52
2020-10-12T17:56:11+00:00,7.78
2020-10-12T17:57:42+00:00,7.66
2020-10-12T17:58:27+00:00,7.4
2020-10-12T17:59:12+00:00,7.33
2020-10-12T18:08:34+00:00,8.19
2020-10-12T18:09:42+00:00,8.2
2020-10-12T18:10:27+00:00,8.09
2020-10-12T18:10:49+00:00,7.66
2020-10-12T18:12:22+00:00,8.31
2020-10-12T18:13:07+00:00,8.31
2020-10-12T18:15:28+00:00,8.16
2020-10-12T18:18:13+00:00,7.98
2020-10-12T18:19:22+00:00,7.67
2020-10-12T18:21:20+00:00,7.89
2020-10-12T18:26:02+00:00,7.67
2020-10-12T18:28:00+00:00,8.12
2020-10-12T18:31:09+00:00,7.81
2020-10-12T18:38:25+00:00,7.85
2020-10-12T18:38:47+00:00,8.1
2020-10-12T18:40:07+00:00,7.94
2020-10-12T18:42:03+00:00,7.93
2020-10-12T18:46:00+00:00,8.14
2020-10-12T18:47:54+00:00,8.09
2020-10-12T18:49:51+00:00,8.2
2020-10-12T18:51:01+00:00,7.87
2020-10-12T18:52:35+00:00,8.14
2020-10-12T18:52:57+00:00,7.93
2020-10-12T18:53:42+00:00,7.8
2020-10-12T18:54:04+00:00,8.18
2020-10-12T18:54:27+00:00,7.93
2020-10-12T18:55:13+00:00,8.09
2020-10-12T18:56:24+00:00,8.13
2020-10-12T18:56:46+00:00,7.94
2020-10-12T18:57:08+00:00,7.91
2020-10-12T18:57:55+00:00,7.95
2020-10-12T19:01:29+00:00,8.19
2020-10-12T19:04:00+00:00,7.98
2020-10-12T19:04:22+00:00,7.83
2020-10-12T19:07:55+00:00,8.07
2020-10-12T19:09:04+00:00,8.16
2020-10-12T19:09:26+00:00,7.87
2020-10-12T19:12:09+00:00,7.9
2020-10-12T19:13:44+00:00,7.73
2020-10-12T19:15:16+00:00,7.46
2020-10-12T19:17:02+00:00,7.83
2020-10-12T19:19:00+00:00,7.46
2020-10-12T19:19:46+00:00,7.48
2020-10-12T19:20:58+00:00,7.46
2020-10-12T19:21:21+00:00,7.34
2020-10-12T19:24:10+00:00,7.62
2020-10-12T19:24:32+00:00,7.6
2020-10-12T19:25:55+00:00,7.59
2020-10-12T19:27:51+00:00,7.83
2020-10-12T19:29:00+00:00,7.5
2020-10-12T19:31:44+00:00,7.55
2020-10-12T19:34:49+00:00,7.51
2020-10-12T19:35:58+00:00,7.38
2020-10-12T19:37:09+00:00,7.64
2020-10-12T19:37:54+00:00,7.62
2020-10-12T19:39:05+00:00,7.58
2020-10-12T19:42:34+00:00,7.83
2020-10-12T19:44:31+00:00,7.67
2020-10-12T19:46:52+00:00,7.46
2020-10-12T19:52:45+00:00,7.46
2020-10-12T19:53:31+00:00,7.59
2020-10-12T19:55:05+00:00,7.46
2020-10-12T19:56:14+00:00,7.63
2020-10-12T20:03:40+00:00,7.63
2020-10-12T20:05:48+00:00,7.51
2020-10-12T20:06:10+00:00,7.8
2020-10-12T20:07:43+00:00,7.93
2020-10-12T20:09:17+00:00,7.88
2020-10-12T20:16:33+00:00,7.58
2020-10-12T20:16:55+00:00,7.49
2020-10-12T20:17:40+00:00,7.84
2020-10-12T20:22:35+00:00,7.5
2020-10-12T20:22:57+00:00,7.47
2020-10-12T20:24:08+00:00,7.7
2020-10-12T20:24:54+00:00,7.63
2020-10-12T20:28:22+00:00,7.7
2020-10-12T20:29:55+00:00,7.51
2020-10-12T20:32:27+00:00,7.51
2020-10-12T20:32:49+00:00,7.47
2020-10-12T20:35:08+00:00,7.84
2020-10-12T20:35:54+00:00,7.65
2020-10-12T20:36:40+00:00,7.79
2020-10-12T20:39:25+00:00,7.68
2020-10-12T20:40:12+00:00,7.79
2020-10-12T20:40:36+00:00,7.46
2020-10-12T20:43:18+00:00,7.51
2020-10-12T20:45:16+00:00,7.82
2020-10-12T20:48:23+00:00,7.51
2020-10-12T20:49:58+00:00,7.55
2020-10-12T20:51:32+00:00,7.53
2020-10-12T20:51:55+00:00,7.79
2020-10-12T20:55:50+00:00,7.46
2020-10-12T20:56:13+00:00,7.52
2020-10-12T20:57:46+00:00,7.51
2020-10-12T21:00:04+00:00,7.73
2020-10-12T21:00:26+00:00,7.71
2020-10-12T21:01:34+00:00,7.56
2020-10-12T21:02:19+00:00,7.79
2020-10-12T21:04:02+00:00,7.47
2020-10-12T21:06:43+00:00,7.59
2020-10-12T21:09:29+00:00,7.64
2020-10-12T21:10:15+00:00,7.37
2020-10-12T21:15:20+00:00,7.58
2020-10-12T21:15:43+00:00,7.73
2020-10-12T21:20:23+00:00,7.54
2020-10-12T21:21:08+00:00,7.53
2020-10-12T21:21:30+00:00,7.88
2020-10-12T21:23:28+00:00,7.56
2020-10-12T21:27:59+00:00,7.48
2020-10-12T21:31:31+00:00,7.61
2020-10-12T21:33:29+00:00,7.54
2020-10-12T21:33:51+00:00,7.42
2020-10-12T21:40:08+00:00,7.89
2020-10-12T21:42:28+00:00,7.39
2020-10-12T21:44:02+00:00,7.34
2020-10-12T21:50:29+00:00,7.48
2020-10-12T21:50:50+00:00,8.08
2020-10-12T21:53:58+00:00,7.65
2020-10-12T21:54:43+00:00,7.56
2020-10-12T21:55:51+00:00,7.5
2020-10-12T21:57:46+00:00,7.94
2020-10-12T21:59:44+00:00,8.38
2020-10-12T22:02:02+00:00,7.73
2020-10-12T22:02:47+00:00,7.58
2020-10-12T22:03:10+00:00,7.42
2020-10-12T22:04:18+00:00,7.54
2020-10-12T22:08:03+00:00,7.74
2020-10-12T22:10:12+00:00,7.21
2020-10-12T22:12:55+00:00,7.17
2020-10-12T22:16:39+00:00,8.33
2020-10-12T22:17:48+00:00,7.46
2020-10-12T22:21:19+00:00,7.91
2020-10-12T22:23:14+00:00,7.86
2020-10-12T22:23:59+00:00,8.03
2020-10-12T22:25:32+00:00,7.81
2020-10-12T22:28:04+00:00,8.12
2020-10-12T22:28:25+00:00,7.48
2020-10-12T22:30:00+00:00,8.26
2020-10-12T22:32:19+00:00,8.33
2020-10-12T22:35:38+00:00,8.14
2020-10-12T22:43:30+00:00,8.31
2020-10-12T22:45:03+00:00,8.33
2020-10-12T22:45:25+00:00,8.03
2020-10-12T22:46:15+00:00,8.39
2020-10-12T22:47:36+00:00,8.12
2020-10-12T22:48:15+00:00,8.2
2020-10-12T22:49:54+00:00,7.95
2020-10-12T22:50:40+00:00,8.35
2020-10-12T22:54:17+00:00,8.12
2020-10-12T22:54:40+00:00,8.32
2020-10-12T22:56:15+00:00,8.25
2020-10-12T22:57:24+00:00,8.16
2020-10-12T22:57:45+00:00,8.02
2020-10-12T22:58:07+00:00,8.19
2020-10-12T23:02:28+00:00,8.32
2020-10-12T23:02:51+00:00,8.33
2020-10-12T23:05:12+00:00,8.16
2020-10-12T23:09:34+00:00,8.17
2020-10-12T23:10:45+00:00,8.22
2020-10-12T23:12:17+00:00,8.32
2020-10-12T23:13:02+00:00,8.21
2020-10-12T23:14:35+00:00,7.95
2020-10-12T23:15:20+00:00,8.18
2020-10-12T23:15:42+00:00,8.21
2020-10-12T23:16:03+00:00,8.23
2020-10-12T23:20:34+00:00,8.14
2020-10-12T23:21:19+00:00,7.95
2020-10-12T23:22:28+00:00,8.15
2020-10-12T23:24:24+00:00,8.27
2020-10-12T23:25:57+00:00,8.22
2020-10-12T23:26:42+00:00,7.99
2020-10-12T23:30:51+00:00,7.86
2020-10-12T23:32:47+00:00,7.87
2020-10-12T23:33:10+00:00,7.88
2020-10-12T23:39:00+00:00,7.99
2020-10-12T23:39:22+00:00,7.88
2020-10-12T23:45:19+00:00,7.86
2020-10-12T23:45:42+00:00,7.87
2020-10-12T23:47:15+00:00,7.87
2020-10-12T23:48:23+00:00,7.92
2020-10-12T23:49:33+00:00,7.96
2020-10-12T23:54:27+00:00,7.86
2020-10-12T23:58:36+00:00,7.88
2020-10-12T23:58:59+00:00,7.92
2020-10-13T00:00:35+00:00,7.88
2020-10-13T00:03:44+00:00,7.87
2020-10-13T00:05:41+00:00,7.86
2020-10-13T00:08:25+00:00,7.86
2020-10-13T00:09:35+00:00,7.86
2020-10-13T00:12:20+00:00,7.88
2020-10-13T00:14:17+00:00,7.87
2020-10-13T00:15:03+00:00,7.88
2020-10-13T00:15:25+00:00,7.88
2020-10-13T00:16:11+00:00,7.88
2020-10-13T00:17:46+00:00,7.87
2020-10-13T00:18:08+00:00,7.88
2020-10-13T00:20:54+00:00,7.88
2020-10-13T00:21:16+00:00,7.88
2020-10-13T00:22:01+00:00,7.91
2020-10-13T00:22:23+00:00,8.13
2020-10-13T00:22:45+00:00,7.87
2020-10-13T00:23:33+00:00,7.88
2020-10-13T00:23:55+00:00,7.86
2020-10-13T00:26:28+00:00,7.87
2020-10-13T00:28:48+00:00,7.88
2020-10-13T00:29:35+00:00,7.86
2020-10-13T00:31:08+00:00,7.88
2020-10-13T00:31:53+00:00,8.04
2020-10-13T00:32:16+00:00,7.92
2020-10-13T00:32:39+00:00,7.88
2020-10-13T00:33:25+00:00,7.88
2020-10-13T00:34:12+00:00,7.88
2020-10-13T00:37:34+00:00,8.13
2020-10-13T00:37:56+00:00,7.88
2020-10-13T00:41:30+00:00,7.96
2020-10-13T00:41:53+00:00,7.87
2020-10-13T00:44:15+00:00,7.87
2020-10-13T00:44:36+00:00,7.87
2020-10-13T00:44:58+00:00,7.87
2020-10-13T00:47:18+00:00,7.88
2020-10-13T00:48:53+00:00,8.01
2020-10-13T00:50:01+00:00,7.93
2020-10-13T00:50:48+00:00,7.92
2020-10-13T00:51:10+00:00,7.87
2020-10-13T00:53:12+00:00,7.87
2020-10-13T00:53:58+00:00,7.87
2020-10-13T00:54:43+00:00,7.88
2020-10-13T00:55:28+00:00,7.88
2020-10-13T00:56:39+00:00,7.88
2020-10-13T00:57:01+00:00,7.88
2020-10-13T00:58:10+00:00,7.88
2020-10-13T01:01:45+00:00,7.86
2020-10-13T01:04:05+00:00,7.88
2020-10-13T01:07:15+00:00,7.88
2020-10-13T01:12:03+00:00,7.88
2020-10-13T01:14:51+00:00,7.88
2020-10-13T01:16:28+00:00,7.88
2020-10-13T01:22:50+00:00,7.88
2020-10-13T01:24:47+00:00,7.88
2020-10-13T01:25:32+00:00,7.87
2020-10-13T01:26:19+00:00,7.88
2020-10-13T01:28:41+00:00,7.86
2020-10-13T01:30:14+00:00,7.88
2020-10-13T01:32:11+00:00,7.87
2020-10-13T01:39:55+00:00,7.88
2020-10-13T01:43:39+00:00,7.88
2020-10-13T01:44:24+00:00,7.87
2020-10-13T01:44:46+00:00,7.87
2020-10-13T01:52:17+00:00,8.24
2020-10-13T01:54:40+00:00,8.42
2020-10-13T01:59:03+00:00,8.2
2020-10-13T02:00:37+00:00,7.97
2020-10-13T02:03:23+00:00,7.97
2020-10-13T02:04:13+00:00,8.38
2020-10-13T02:04:35+00:00,8.3
2020-10-13T02:05:21+00:00,7.97
2020-10-13T02:05:42+00:00,7.97
2020-10-13T02:08:04+00:00,8.02
2020-10-13T02:08:26+00:00,8.02
2020-10-13T02:12:47+00:00,8.39
2020-10-13T02:13:32+00:00,8.3
2020-10-13T02:13:54+00:00,8.17
2020-10-13T02:17:27+00:00,8.08
2020-10-13T02:17:49+00:00,8.42
2020-10-13T02:19:19+00:00,8.33
2020-10-13T02:22:14+00:00,7.9
2020-10-13T02:23:11+00:00,8.28
2020-10-13T02:29:09+00:00,7.9
2020-10-13T02:35:59+00:00,7.87
2020-10-13T02:38:18+00:00,7.93
2020-10-13T02:42:15+00:00,8.34
2020-10-13T02:43:27+00:00,8.48
2020-10-13T02:45:01+00:00,7.97
2020-10-13T02:48:15+00:00,8.14
2020-10-13T02:52:38+00:00,8.62
2020-10-13T02:53:00+00:00,8.25
2020-10-13T02:54:57+00:00,8.07
2020-10-13T03:01:18+00:00,7.98
2020-10-13T03:04:02+00:00,8.15
2020-10-13T03:04:24+00:00,8.15
2020-10-13T03:04:46+00:00,8.29
2020-10-13T03:05:09+00:00,7.99
2020-10-13T03:06:18+00:00,8.27
2020-10-13T03:09:05+00:00,8.52
2020-10-13T03:10:39+00:00,8.07
2020-10-13T03:12:12+00:00,8.06
2020-10-13T03:14:31+00:00,8.53
2020-10-13T03:15:16+00:00,8.16
2020-10-13T03:16:25+00:00,8.82
2020-10-13T03:20:50+00:00,8.35
2020-10-13T03:21:12+00:00,8.03
2020-10-13T03:22:45+00:00,8.33
2020-10-13T03:23:55+00:00,8.7
2020-10-13T03:24:40+00:00,8.21
2020-10-13T03:25:26+00:00,8.62
2020-10-13T03:26:12+00:00,8.48
2020-10-13T03:26:58+00:00,8.21
2020-10-13T03:28:10+00:00,8.74
2020-10-13T03:34:18+00:00,8.3
2020-10-13T03:35:53+00:00,8.59
2020-10-13T03:36:40+00:00,8.1
2020-10-13T03:38:37+00:00,8.75
2020-10-13T03:39:00+00:00,8.79
2020-10-13T03:40:32+00:00,8.9
2020-10-13T03:40:55+00:00,8.49
2020-10-13T03:41:41+00:00,8.94
2020-10-13T03:42:55+00:00,8.52
2020-10-13T03:47:19+00:00,8.79
2020-10-13T03:49:17+00:00,8.49
2020-10-13T03:50:26+00:00,8.74
2020-10-13T03:50:48+00:00,8.89
2020-10-13T03:51:36+00:00,8.68
2020-10-13T03:51:59+00:00,8.64
2020-10-13T03:52:45+00:00,8.53
2020-10-13T03:53:55+00:00,8.66
2020-10-13T03:54:19+00:00,8.74
2020-10-13T03:54:42+00:00,8.53
2020-10-13T03:57:14+00:00,8.8
2020-10-13T04:01:32+00:00,8.59
2020-10-13T04:04:06+00:00,8.45
2020-10-13T04:04:28+00:00,8.67
2020-10-13T04:06:02+00:00,8.44
2020-10-13T04:08:48+00:00,8.7
2020-10-13T04:09:33+00:00,8.43
2020-10-13T04:11:53+00:00,8.72
2020-10-13T04:13:37+00:00,8.63
2020-10-13T04:13:59+00:00,8.7
2020-10-13T04:18:21+00:00,8.91
2020-10-13T04:23:29+00:00,8.59
2020-10-13T04:24:40+00:00,8.4
2020-10-13T04:25:02+00:00,8.37
2020-10-13T04:25:47+00:00,8.8
2020-10-13T04:28:42+00:00,8.6
2020-10-13T04:33:05+00:00,8.27
2020-10-13T04:34:15+00:00,8.71
2020-10-13T04:34:37+00:00,8.71
2020-10-13T04:35:22+00:00,8.52
2020-10-13T04:36:44+00:00,8.99
2020-10-13T04:37:30+00:00,8.65
2020-10-13T04:42:10+00:00,8.63
2020-10-13T04:45:46+00:00,8.77
2020-10-13T04:46:32+00:00,8.76
2020-10-13T04:48:52+00:00,8.64
2020-10-13T04:56:00+00:00,8.36
2020-10-13T04:56:22+00:00,8.68
2020-10-13T04:56:45+00:00,8.73
2020-10-13T04:57:07+00:00,8.33
2020-10-13T04:59:04+00:00,8.64
2020-10-13T04:59:50+00:00,8.57
2020-10-13T05:00:12+00:00,8.68
2020-10-13T05:01:46+00:00,8.61
2020-10-13T05:02:33+00:00,8.57
2020-10-13T05:03:20+00:00,8.64
2020-10-13T05:05:44+00:00,8.64
2020-10-13T05:06:30+00:00,8.33
2020-10-13T05:07:43+00:00,8.55
2020-10-13T05:08:54+00:00,8.2
2020-10-13T05:10:05+00:00,8.5
2020-10-13T05:10:27+00:00,8.6
2020-10-13T05:14:24+00:00,8.63
2020-10-13T05:15:10+00:00,8.72
2020-10-13T05:52:50+00:00,8.57
2020-10-13T05:56:21+00:00,8.32
2020-10-13T06:14:59+00:00,8.2
2020-10-13T06:15:21+00:00,8.24
2020-10-13T06:19:16+00:00,8.12
2020-10-13T06:20:49+00:00,8.1
2020-10-13T06:24:46+00:00,8.19
2020-10-13T06:25:31+00:00,8.17
2020-10-13T06:31:00+00:00,8.17
2020-10-13T06:34:32+00:00,8.16
2020-10-13T06:35:42+00:00,8.38
2020-10-13T06:36:04+00:00,8.3
2020-10-13T06:37:12+00:00,8.39
2020-10-13T06:37:34+00:00,8.54
2020-10-13T06:39:53+00:00,8.31
2020-10-13T06:42:14+00:00,8.37
2020-10-13T06:43:12+00:00,8.5
2020-10-13T06:43:57+00:00,8.19
2020-10-13T06:45:29+00:00,8.37
2020-10-13T06:46:39+00:00,8.37
2020-10-13T06:49:35+00:00,8.24
2020-10-13T06:49:57+00:00,8.19
2020-10-13T06:50:43+00:00,8.11
2020-10-13T06:51:06+00:00,8.33
2020-10-13T06:54:26+00:00,8.25
2020-10-13T06:57:08+00:00,8.33
2020-10-13T06:59:03+00:00,8.22
2020-10-13T06:59:25+00:00,8.3
2020-10-13T07:08:09+00:00,8.18
2020-10-13T07:13:27+00:00,8.43
2020-10-13T07:15:00+00:00,8.29
2020-10-13T07:23:04+00:00,8.48
2020-10-13T07:23:49+00:00,8.39
2020-10-13T07:30:51+00:00,8.38
2020-10-13T07:32:48+00:00,8.32
2020-10-13T07:35:54+00:00,8.39
2020-10-13T07:36:16+00:00,8.39
2020-10-13T07:36:38+00:00,8.37
2020-10-13T07:39:24+00:00,7.98
2020-10-13T07:41:10+00:00,8.23
2020-10-13T07:42:55+00:00,8.23
2020-10-13T07:43:40+00:00,8.34
2020-10-13T07:47:58+00:00,8.5
2020-10-13T07:49:19+00:00,8.49
2020-10-13T07:50:27+00:00,8.49
2020-10-13T07:52:25+00:00,8.47
2020-10-13T07:54:34+00:00,8.5
2020-10-13T07:55:19+00:00,8.39
2020-10-13T07:56:05+00:00,8.43
2020-10-13T07:59:36+00:00,8.28
2020-10-13T08:01:55+00:00,8.64
2020-10-13T08:02:52+00:00,8.78
2020-10-13T08:03:37+00:00,8.44
2020-10-13T08:06:46+00:00,8.48
2020-10-13T08:07:55+00:00,8.51
2020-10-13T08:10:16+00:00,8.49
2020-10-13T08:11:01+00:00,8.48
2020-10-13T08:11:47+00:00,8.38
2020-10-13T08:12:58+00:00,8.52
2020-10-13T08:13:19+00:00,8.52
2020-10-13T08:14:06+00:00,8.51
2020-10-13T08:19:46+00:00,8.32
2020-10-13T08:23:40+00:00,8.33
2020-10-13T08:24:27+00:00,8.45
2020-10-13T08:26:03+00:00,8.59
2020-10-13T08:27:39+00:00,8.5
2020-10-13T08:28:00+00:00,8.39
2020-10-13T08:31:30+00:00,8.33
2020-10-13T08:32:40+00:00,8.45
2020-10-13T08:33:03+00:00,8.12
2020-10-13T08:36:35+00:00,8.34
2020-10-13T08:36:58+00:00,8.29
2020-10-13T08:38:07+00:00,8.45
2020-10-13T08:38:29+00:00,8.24
2020-10-13T08:39:38+00:00,8.51
2020-10-13T08:42:00+00:00,8.46
2020-10-13T08:43:58+00:00,8.31
2020-10-13T08:47:28+00:00,8.5
2020-10-13T08:51:26+00:00,8.51
2020-10-13T08:51:48+00:00,8.39
2020-10-13T08:52:58+00:00,8.44
2020-10-13T08:54:55+00:00,8.29
2020-10-13T08:56:53+00:00,8.41
2020-10-13T08:57:40+00:00,8.38
2020-10-13T09:02:00+00:00,8.4
2020-10-13T09:03:09+00:00,8.39
2020-10-13T09:03:31+00:00,8.21
2020-10-13T09:04:06+00:00,8.24
2020-10-13T09:04:27+00:00,8.4
2020-10-13T09:07:35+00:00,8.38
2020-10-13T09:09:30+00:00,8.28
2020-10-13T09:10:41+00:00,8.14
2020-10-13T09:14:37+00:00,8.4
2020-10-13T09:14:59+00:00,8.34
2020-10-13T09:15:22+00:00,8.54
2020-10-13T09:17:32+00:00,8.4
2020-10-13T09:18:41+00:00,8.64
2020-10-13T09:19:04+00:00,8.43
2020-10-13T09:19:26+00:00,8.89
2020-10-13T09:21:24+00:00,8.34
2020-10-13T09:22:57+00:00,8.3
2020-10-13T09:23:42+00:00,8.35
2020-10-13T09:30:48+00:00,8.85
2020-10-13T09:31:56+00:00,8.44
2020-10-13T09:33:05+00:00,8.54
2020-10-13T09:34:38+00:00,8.65
2020-10-13T09:35:49+00:00,8.62
2020-10-13T09:36:11+00:00,8.3
2020-10-13T09:37:19+00:00,8.67
2020-10-13T09:38:05+00:00,8.6
2020-10-13T09:38:28+00:00,8.25
2020-10-13T09:39:14+00:00,8.39
2020-10-13T09:40:24+00:00,8.57
2020-10-13T09:42:25+00:00,8.38
2020-10-13T09:45:37+00:00,8.63
2020-10-13T09:45:59+00:00,8.58
2020-10-13T09:46:45+00:00,8.19
2020-10-13T09:48:43+00:00,8.64
2020-10-13T09:50:16+00:00,8.66
2020-10-13T09:50:39+00:00,8.62
2020-10-13T09:52:57+00:00,8.5
2020-10-13T09:54:31+00:00,8.94
2020-10-13T09:57:12+00:00,8.81
2020-10-13T09:57:35+00:00,8.49
2020-10-13T09:57:58+00:00,9.04
2020-10-13T09:59:55+00:00,8.82
2020-10-13T10:02:41+00:00,8.34
2020-10-13T10:04:13+00:00,8.49
2020-10-13T10:07:58+00:00,8.78
2020-10-13T10:08:20+00:00,8.58
2020-10-13T10:09:05+00:00,8.39
2020-10-13T10:09:26+00:00,8.27
2020-10-13T10:10:58+00:00,9.15
2020-10-13T10:13:09+00:00,9.08
2020-10-13T10:13:54+00:00,8.81
2020-10-13T10:14:15+00:00,8.73
2020-10-13T10:16:36+00:00,9.03
2020-10-13T10:19:19+00:00,8.96
2020-10-13T10:22:04+00:00,9.16
2020-10-13T10:25:21+00:00,8.64
2020-10-13T10:27:41+00:00,8.9
2020-10-13T10:28:26+00:00,8.81
2020-10-13T10:29:59+00:00,8.94
2020-10-13T10:32:44+00:00,8.67
2020-10-13T10:33:54+00:00,8.81
2020-10-13T10:37:54+00:00,8.31
2020-10-13T10:38:16+00:00,8.79
2020-10-13T10:38:38+00:00,8.95
2020-10-13T10:40:57+00:00,8.73
2020-10-13T10:41:19+00:00,8.71
2020-10-13T10:47:14+00:00,8.49
2020-10-13T10:47:59+00:00,8.76
2020-10-13T10:49:31+00:00,8.95
2020-10-13T10:53:02+00:00,8.93
2020-10-13T10:53:48+00:00,9.06
2020-10-13T10:56:07+00:00,8.43
2020-10-13T10:58:52+00:00,9
2020-10-13T10:59:14+00:00,9.05
2020-10-13T11:01:10+00:00,8.82
2020-10-13T11:03:31+00:00,8.73
2020-10-13T11:07:26+00:00,9.09
2020-10-13T11:09:20+00:00,8.86
2020-10-13T11:11:17+00:00,8.83
2020-10-13T11:12:02+00:00,8.9
2020-10-13T11:12:24+00:00,8.88
2020-10-13T11:12:46+00:00,9.08
2020-10-13T11:13:31+00:00,9.03
2020-10-13T11:14:39+00:00,8.98
2020-10-13T11:17:22+00:00,9.04
2020-10-13T11:18:55+00:00,9.09
2020-10-13T11:21:02+00:00,8.99
2020-10-13T11:23:45+00:00,9.06
2020-10-13T11:26:26+00:00,8.88
2020-10-13T11:28:23+00:00,8.93
2020-10-13T11:31:17+00:00,8.94
2020-10-13T11:31:39+00:00,9.03
2020-10-13T11:38:24+00:00,8.77
2020-10-13T11:39:57+00:00,8.94
2020-10-13T11:40:19+00:00,8.78
2020-10-13T11:41:29+00:00,8.84
2020-10-13T11:43:13+00:00,8.92
2020-10-13T11:44:49+00:00,8.98
2020-10-13T11:45:11+00:00,8.81
2020-10-13T11:45:57+00:00,9.19
2020-10-13T11:50:16+00:00,8.36
2020-10-13T11:50:37+00:00,8.48
2020-10-13T11:53:21+00:00,9.1
2020-10-13T11:58:15+00:00,8.73
2020-10-13T11:59:24+00:00,9.1
2020-10-13T12:00:33+00:00,9.08
2020-10-13T12:00:56+00:00,8.74
2020-10-13T12:02:53+00:00,8.73
2020-10-13T12:04:02+00:00,8.95
2020-10-13T12:05:36+00:00,8.68
2020-10-13T12:09:07+00:00,8.78
2020-10-13T12:12:13+00:00,9.06
2020-10-13T12:14:57+00:00,8.92
2020-10-13T12:15:19+00:00,8.7
2020-10-13T12:18:04+00:00,8.98
2020-10-13T12:20:00+00:00,9
2020-10-13T12:26:07+00:00,9.02
2020-10-13T12:29:27+00:00,9.06
2020-10-13T12:31:23+00:00,8.83
2020-10-13T12:31:45+00:00,8.93
2020-10-13T12:32:31+00:00,8.94
2020-10-13T12:36:37+00:00,9.13
2020-10-13T12:37:24+00:00,9
2020-10-13T12:38:57+00:00,9.04
2020-10-13T12:41:19+00:00,9.06
2020-10-13T12:44:37+00:00,8.81
2020-10-13T12:46:13+00:00,8.57
2020-10-13T12:47:33+00:00,9.16
2020-10-13T12:55:47+00:00,8.74
2020-10-13T12:56:10+00:00,8.66
2020-10-13T12:58:53+00:00,9
2020-10-13T13:01:11+00:00,8.96
2020-10-13T13:04:19+00:00,8.99
2020-10-13T13:06:26+00:00,8.89
2020-10-13T13:08:48+00:00,8.75
2020-10-13T13:11:30+00:00,9.1
2020-10-13T13:13:50+00:00,8.57
2020-10-13T13:15:24+00:00,8.91
2020-10-13T13:16:09+00:00,8.82
2020-10-13T13:17:19+00:00,8.69
2020-10-13T13:19:05+00:00,8.72
2020-10-13T13:19:28+00:00,8.79
2020-10-13T13:20:37+00:00,8.78
2020-10-13T13:23:21+00:00,8.78
2020-10-13T13:23:45+00:00,8.72
2020-10-13T13:25:41+00:00,9.1
2020-10-13T13:27:15+00:00,8.82
2020-10-13T13:27:37+00:00,8.68
2020-10-13T13:27:59+00:00,8.73
2020-10-13T13:28:45+00:00,8.85
2020-10-13T13:29:08+00:00,8.77
2020-10-13T13:35:08+00:00,8.84
2020-10-13T13:40:04+00:00,8.64
2020-10-13T13:42:04+00:00,8.72
2020-10-13T13:42:26+00:00,8.72
2020-10-13T13:44:22+00:00,8.65
2020-10-13T13:44:45+00:00,8.67
2020-10-13T13:46:43+00:00,8.97
2020-10-13T13:48:42+00:00,8.73
2020-10-13T13:49:54+00:00,8.69
2020-10-13T13:51:06+00:00,8.65
2020-10-13T13:52:18+00:00,8.58
2020-10-13T13:52:40+00:00,8.7
2020-10-13T13:53:55+00:00,8.45
2020-10-13T13:54:16+00:00,8.79
2020-10-13T13:55:26+00:00,8.75
2020-10-13T13:57:04+00:00,8.69
2020-10-13T13:58:36+00:00,8.88
2020-10-13T13:59:21+00:00,8.89
2020-10-13T13:59:44+00:00,8.76
2020-10-13T14:01:18+00:00,9.1
2020-10-13T14:02:04+00:00,8.95
2020-10-13T14:05:12+00:00,8.61
2020-10-13T14:05:34+00:00,8.8
2020-10-13T14:05:56+00:00,8.63
2020-10-13T14:10:13+00:00,8.6
2020-10-13T14:11:46+00:00,8.75
2020-10-13T14:13:20+00:00,8.6
2020-10-13T14:14:06+00:00,8.77
2020-10-13T14:14:28+00:00,8.79
2020-10-13T14:16:39+00:00,8.58
2020-10-13T14:17:51+00:00,8.65
2020-10-13T14:19:51+00:00,8.76
2020-10-13T14:26:24+00:00,8.33
2020-10-13T14:26:46+00:00,8.7
2020-10-13T14:27:10+00:00,8.62
2020-10-13T14:29:31+00:00,8.7
2020-10-13T14:35:32+00:00,8.76
2020-10-13T14:35:55+00:00,8.65
2020-10-13T14:55:36+00:00,8.56
2020-10-13T14:57:00+00:00,8.33
2020-10-13T14:58:19+00:00,8.8
2020-10-13T14:59:54+00:00,8.69
2020-10-13T15:00:40+00:00,8.79
2020-10-13T15:03:51+00:00,8.7
2020-10-13T15:04:13+00:00,8.78
2020-10-13T15:08:51+00:00,8.56
2020-10-13T15:11:41+00:00,8.82
2020-10-13T15:12:07+00:00,8.65
2020-10-13T15:17:39+00:00,8.83
2020-10-13T15:18:02+00:00,8.69
2020-10-13T15:22:05+00:00,8.77
2020-10-13T15:23:39+00:00,8.39
2020-10-13T15:24:01+00:00,8.49
2020-10-13T15:27:10+00:00,8.7
2020-10-13T15:27:32+00:00,8.69
2020-10-13T15:27:57+00:00,8.67
2020-10-13T15:29:09+00:00,9.66
2020-10-13T15:29:31+00:00,9.76
2020-10-13T15:29:52+00:00,9.7
2020-10-13T15:30:26+00:00,9.51
2020-10-13T15:30:49+00:00,9.54
2020-10-13T19:04:50+00:00,9.11
2020-10-13T19:05:39+00:00,9.2
2020-10-13T19:08:29+00:00,9.07
2020-10-13T19:09:15+00:00,9.15
2020-10-13T19:10:49+00:00,9.06
2020-10-13T19:11:35+00:00,9.19
2020-10-13T19:14:01+00:00,9.4
2020-10-13T19:15:58+00:00,9.37
2020-10-13T19:19:47+00:00,9.53
2020-10-13T19:27:44+00:00,9.07
2020-10-13T19:36:53+00:00,9.31
2020-10-13T19:39:08+00:00,9.36
2020-10-13T19:39:31+00:00,8.97
2020-10-13T19:39:53+00:00,9.15
2020-10-13T19:41:05+00:00,9.02
2020-10-13T19:45:12+00:00,9.34
2020-10-13T21:34:52+00:00,9.66
2020-10-13T21:43:14+00:00,9.65
2020-10-13T21:43:59+00:00,9.57
2020-10-13T21:47:10+00:00,9.66
2020-10-13T21:48:20+00:00,9.65
2020-10-13T21:54:21+00:00,9.7
2020-10-13T21:55:52+00:00,9.78
2020-10-13T21:56:14+00:00,9.67
2020-10-14T01:14:58+00:00,9.57
2020-10-14T01:16:56+00:00,9.45
2020-10-14T01:17:18+00:00,9.47
2020-10-14T01:18:26+00:00,9.46
2020-10-14T01:19:13+00:00,9.48
2020-10-14T01:19:34+00:00,9.48
2020-10-14T01:21:07+00:00,9.5
2020-10-14T01:21:31+00:00,9.44
2020-10-14T01:21:53+00:00,9.49
2020-10-14T01:22:40+00:00,9.54
2020-10-14T01:25:48+00:00,9.54
2020-10-14T01:29:08+00:00,9.41
2020-10-14T01:30:18+00:00,9.49
2020-10-14T01:31:04+00:00,9.55
2020-10-14T01:31:49+00:00,9.59
2020-10-14T01:32:11+00:00,9.35
2020-10-14T01:36:22+00:00,9.45
2020-10-14T01:40:18+00:00,9.37
2020-10-14T01:40:40+00:00,9.2
2020-10-14T01:47:37+00:00,9.33
2020-10-14T01:49:09+00:00,9.39
2020-10-14T01:49:31+00:00,9.49
2020-10-14T01:49:53+00:00,9.37
2020-10-14T01:50:15+00:00,9.45
2020-10-14T01:51:23+00:00,9.38
2020-10-14T01:53:18+00:00,9.38
2020-10-14T01:56:47+00:00,9.28
2020-10-14T01:58:45+00:00,9.33
2020-10-14T02:00:21+00:00,9.3
2020-10-14T02:03:05+00:00,9.16
2020-10-14T02:03:27+00:00,9.18
2020-10-14T02:03:49+00:00,9.23
2020-10-14T02:04:36+00:00,9.29
2020-10-14T02:06:08+00:00,9.33
2020-10-14T02:06:30+00:00,9.15
2020-10-14T02:09:13+00:00,9.18
2020-10-14T02:09:36+00:00,9.19
2020-10-14T02:12:44+00:00,9.33
2020-10-14T02:13:30+00:00,9.33
2020-10-14T02:14:40+00:00,9.28
2020-10-14T03:45:36+00:00,9.19
2020-10-14T03:46:22+00:00,9.2
2020-10-14T03:49:08+00:00,9.2
2020-10-14T03:49:30+00:00,9.31
2020-10-14T03:52:14+00:00,9.28
2020-10-14T03:53:00+00:00,9.33
2020-10-14T03:54:58+00:00,9.18
2020-10-14T03:55:21+00:00,9.34
2020-10-14T03:57:57+00:00,9.44
2020-10-14T03:59:21+00:00,9.44
2020-10-14T04:02:27+00:00,9.29
2020-10-14T04:03:13+00:00,9.31
2020-10-14T04:03:34+00:00,9.45
2020-10-14T04:05:32+00:00,9.33
2020-10-14T04:10:40+00:00,9.43
2020-10-14T04:11:49+00:00,9.45
2020-10-14T04:12:11+00:00,9.43
2020-10-14T04:13:19+00:00,9.32
2020-10-14T04:13:41+00:00,9.24
2020-10-14T04:14:51+00:00,9.31
2020-10-14T04:15:12+00:00,9.31
2020-10-14T04:15:34+00:00,9.35
2020-10-14T04:18:42+00:00,9.39
2020-10-14T04:20:14+00:00,9.49
2020-10-14T04:27:43+00:00,9.37
2020-10-14T04:28:04+00:00,9.38
2020-10-14T04:28:50+00:00,9.24
2020-10-14T04:29:48+00:00,9.25
2020-10-14T04:32:45+00:00,9.28
2020-10-14T04:35:09+00:00,9.38
2020-10-14T04:35:32+00:00,9.34
2020-10-14T04:36:18+00:00,9.28
2020-10-14T04:39:25+00:00,9.3
2020-10-14T04:45:04+00:00,9.44
2020-10-14T04:46:59+00:00,9.25
2020-10-14T04:49:30+00:00,9.16
2020-10-14T04:51:06+00:00,9.26
2020-10-14T04:51:28+00:00,9.23
2020-10-14T04:53:25+00:00,9.3
2020-10-14T04:54:35+00:00,9.39
2020-10-14T05:00:50+00:00,9.26
2020-10-14T05:01:12+00:00,9.28
2020-10-14T05:02:11+00:00,9.3
2020-10-14T05:04:19+00:00,9.32
2020-10-14T05:06:15+00:00,9.4
2020-10-14T05:07:01+00:00,9.33
2020-10-14T05:07:24+00:00,9.31
2020-10-14T05:08:58+00:00,9.4
2020-10-14T05:11:22+00:00,9.38
2020-10-14T05:12:08+00:00,9.33
2020-10-14T05:16:39+00:00,9.37
2020-10-14T05:17:50+00:00,9.37
2020-10-14T05:18:12+00:00,9.32
2020-10-14T05:19:22+00:00,9.31
2020-10-14T05:20:07+00:00,9.32
2020-10-14T05:20:52+00:00,9.36
2020-10-14T05:21:14+00:00,9.37
2020-10-14T05:21:59+00:00,9.24
2020-10-14T05:22:44+00:00,9.32
2020-10-14T05:24:41+00:00,9.37
2020-10-14T05:26:26+00:00,9.38
2020-10-14T05:29:08+00:00,9.36
2020-10-14T05:29:30+00:00,9.27
2020-10-14T05:31:52+00:00,9.27
2020-10-14T05:32:14+00:00,9.34
2020-10-14T05:32:36+00:00,9.33
2020-10-14T05:32:58+00:00,9.37
2020-10-14T05:34:32+00:00,9.32
2020-10-14T05:39:28+00:00,9.37
2020-10-14T05:43:48+00:00,9.27
2020-10-14T05:44:57+00:00,9.31
2020-10-14T05:46:05+00:00,9.38
2020-10-14T05:46:53+00:00,9.33
2020-10-14T05:50:25+00:00,9.4
2020-10-14T05:50:47+00:00,9.36
2020-10-14T05:51:09+00:00,9.37
2020-10-14T05:56:14+00:00,9.31
2020-10-14T05:58:33+00:00,9.1
2020-10-14T06:00:05+00:00,9.25
2020-10-14T06:00:28+00:00,9.27
2020-10-14T06:05:13+00:00,9.29
2020-10-14T06:06:22+00:00,9.36
2020-10-14T06:09:52+00:00,9.33
2020-10-14T06:10:14+00:00,9.27
2020-10-14T06:10:36+00:00,9.3
2020-10-14T06:13:20+00:00,9.21
2020-10-14T06:15:53+00:00,9.32
2020-10-14T06:20:34+00:00,9.3
2020-10-14T06:22:07+00:00,9.35
2020-10-14T06:22:29+00:00,9.36
2020-10-14T06:23:39+00:00,9.38
2020-10-14T06:24:25+00:00,9.39
2020-10-14T06:26:45+00:00,9.34
2020-10-14T06:27:56+00:00,9.39
2020-10-14T06:28:53+00:00,9.39
2020-10-14T06:37:12+00:00,9.3
2020-10-14T06:37:34+00:00,9.44
2020-10-14T06:40:43+00:00,9.38
2020-10-14T06:41:06+00:00,9.36
2020-10-14T06:42:37+00:00,9.3
2020-10-14T06:43:45+00:00,9.25
2020-10-14T06:44:32+00:00,9.43
2020-10-14T06:47:41+00:00,9.33
2020-10-14T06:48:14+00:00,9.22
2020-10-14T06:50:35+00:00,9.37
2020-10-14T06:53:21+00:00,9.29
2020-10-14T06:56:04+00:00,9.34
2020-10-14T06:57:40+00:00,9.31
2020-10-14T06:58:03+00:00,9.29
2020-10-14T07:00:26+00:00,9.35
2020-10-14T07:03:13+00:00,9.3
2020-10-14T07:04:49+00:00,9.34
2020-10-14T07:06:45+00:00,9.3
2020-10-14T07:07:32+00:00,9.35
2020-10-14T07:10:07+00:00,9.26
2020-10-14T07:12:02+00:00,9.25
2020-10-14T07:15:57+00:00,9.3
2020-10-14T07:16:19+00:00,9.26
2020-10-14T07:17:54+00:00,9.25
2020-10-14T07:21:04+00:00,9.29
2020-10-14T07:21:50+00:00,9.38
2020-10-14T07:22:13+00:00,9.26
2020-10-14T07:23:47+00:00,9.38
2020-10-14T07:24:55+00:00,9.3
2020-10-14T07:25:18+00:00,9.23
2020-10-14T07:28:02+00:00,9.33
2020-10-14T07:33:53+00:00,9.34
2020-10-14T07:34:41+00:00,9.38
2020-10-14T07:35:28+00:00,9.43
2020-10-14T07:37:01+00:00,9.43
2020-10-14T07:41:10+00:00,9.4
2020-10-14T07:41:33+00:00,9.47
2020-10-14T07:47:35+00:00,9.47
2020-10-14T07:48:20+00:00,9.16
2020-10-14T07:48:42+00:00,11.6
2020-10-14T07:49:29+00:00,10.16
2020-10-14T07:50:26+00:00,10.51
2020-10-14T07:50:48+00:00,10.34
2020-10-14T07:51:10+00:00,10.34
2020-10-14T07:51:32+00:00,10.14
2020-10-14T07:51:54+00:00,10.27
2020-10-14T07:52:16+00:00,10.13
2020-10-14T07:52:37+00:00,10.06
2020-10-14T07:52:59+00:00,10.15
2020-10-14T07:53:21+00:00,10.26
2020-10-14T07:55:08+00:00,10.26
2020-10-14T07:55:30+00:00,10.27
2020-10-14T07:55:53+00:00,10.22
2020-10-14T07:56:39+00:00,10.18
2020-10-14T07:57:01+00:00,10.18
2020-10-14T07:57:23+00:00,10.36
2020-10-14T07:57:45+00:00,10.14
2020-10-14T07:58:07+00:00,10.16
2020-10-14T07:58:29+00:00,10.2
2020-10-14T07:58:51+00:00,10.13
2020-10-14T07:59:13+00:00,10.18
2020-10-14T07:59:35+00:00,10.13
2020-10-14T07:59:56+00:00,10.22
2020-10-14T08:00:19+00:00,10.14
2020-10-14T08:02:42+00:00,9.9
2020-10-14T08:03:27+00:00,10.08
2020-10-14T08:04:37+00:00,9.95
2020-10-14T08:05:46+00:00,10
2020-10-14T08:10:05+00:00,9.77
2020-10-14T08:10:27+00:00,9.91
2020-10-14T08:13:11+00:00,9.99
2020-10-14T08:13:33+00:00,9.95
2020-10-14T08:15:06+00:00,9.95
2020-10-14T08:16:28+00:00,10.15
2020-10-14T08:17:38+00:00,10.02
2020-10-14T08:18:25+00:00,9.57
2020-10-14T08:18:48+00:00,9.77
2020-10-14T08:19:57+00:00,9.77
2020-10-14T08:21:55+00:00,9.9
2020-10-14T08:23:27+00:00,9.82
2020-10-14T08:27:09+00:00,9.86
2020-10-14T08:27:54+00:00,9.85
2020-10-14T08:28:16+00:00,9.82
2020-10-14T08:28:38+00:00,9.58
2020-10-14T08:29:00+00:00,9.61
2020-10-14T08:31:29+00:00,9.6
2020-10-14T08:33:03+00:00,9.52
2020-10-14T08:34:12+00:00,9.7
2020-10-14T08:36:59+00:00,9.54
2020-10-14T08:38:30+00:00,9.7
2020-10-14T08:40:04+00:00,9.3
2020-10-14T08:43:36+00:00,9.69
2020-10-14T08:44:45+00:00,9.56
2020-10-14T08:45:07+00:00,9.53
2020-10-14T08:51:13+00:00,9.61
2020-10-14T08:51:58+00:00,9.47
2020-10-14T08:53:07+00:00,9.5
2020-10-14T08:53:53+00:00,9.36
2020-10-14T08:54:39+00:00,9.44
2020-10-14T08:57:00+00:00,9.4
2020-10-14T08:58:11+00:00,9.33
2020-10-14T08:59:19+00:00,9.35
2020-10-14T09:00:30+00:00,9.59
2020-10-14T09:00:51+00:00,9.34
2020-10-14T09:04:01+00:00,9.2
2020-10-14T09:05:57+00:00,9.47
2020-10-14T09:06:20+00:00,9.44
2020-10-14T09:09:04+00:00,9.28
2020-10-14T09:11:25+00:00,9.35
2020-10-14T09:14:34+00:00,9.28
2020-10-14T09:15:19+00:00,9.42
2020-10-14T09:17:04+00:00,9.37
2020-10-14T09:19:12+00:00,9.32
2020-10-14T09:19:35+00:00,9.48
2020-10-14T09:24:29+00:00,9.3
2020-10-14T09:26:25+00:00,9.35
2020-10-14T09:27:34+00:00,9.33
2020-10-14T09:28:19+00:00,9.34
2020-10-14T09:29:05+00:00,9.43
2020-10-14T09:32:00+00:00,9.29
2020-10-14T09:34:33+00:00,9.37
2020-10-14T09:35:18+00:00,9.45
2020-10-14T09:36:03+00:00,9.37
2020-10-14T09:36:26+00:00,9.38
2020-10-14T09:40:20+00:00,9.32
2020-10-14T09:40:43+00:00,9.44
2020-10-14T09:41:29+00:00,9.39
2020-10-14T09:42:14+00:00,9.48
2020-10-14T09:47:00+00:00,9.54
2020-10-14T09:47:21+00:00,9.4
2020-10-14T09:47:44+00:00,9.4
2020-10-14T09:49:40+00:00,9.45
2020-10-14T09:51:14+00:00,9.35
2020-10-14T09:52:46+00:00,9.35
2020-10-14T09:53:08+00:00,9.51
2020-10-14T09:53:53+00:00,9.48
2020-10-14T09:57:12+00:00,9.5
2020-10-14T09:57:58+00:00,9.48
2020-10-14T09:58:55+00:00,9.49
2020-10-14T10:05:21+00:00,9.35
2020-10-14T10:11:24+00:00,9.47
2020-10-14T10:12:35+00:00,9.34
2020-10-14T10:12:57+00:00,9.47
2020-10-14T10:13:19+00:00,9.41
2020-10-14T10:14:28+00:00,9.48
2020-10-14T10:16:23+00:00,9.44
2020-10-14T10:17:09+00:00,9.51
2020-10-14T10:17:31+00:00,9.44
2020-10-14T10:18:17+00:00,9.45
2020-10-14T10:19:26+00:00,9.51
2020-10-14T10:21:44+00:00,9.21
2020-10-14T10:24:16+00:00,9.38
2020-10-14T10:25:51+00:00,9.43
2020-10-14T10:28:12+00:00,9.39
2020-10-14T10:30:12+00:00,9.47
2020-10-14T10:37:28+00:00,9.5
2020-10-14T10:39:13+00:00,9.43
2020-10-14T10:43:55+00:00,9.16
2020-10-14T10:44:40+00:00,9.39
2020-10-14T10:47:48+00:00,9.38
2020-10-14T10:48:57+00:00,9.39
2020-10-14T10:50:06+00:00,9.42
2020-10-14T10:52:50+00:00,9.5
2020-10-14T10:53:35+00:00,9.36
2020-10-14T10:53:57+00:00,9.35
2020-10-14T10:55:55+00:00,9.22
2020-10-14T10:58:15+00:00,9.41
2020-10-14T10:59:25+00:00,9.31
2020-10-14T11:00:11+00:00,9.35
2020-10-14T11:00:57+00:00,9.35
2020-10-14T11:02:41+00:00,9.3
2020-10-14T11:04:41+00:00,9.39
2020-10-14T11:05:04+00:00,9.35
2020-10-14T11:06:27+00:00,9.35
2020-10-14T11:07:12+00:00,9.43
2020-10-14T11:08:22+00:00,9.42
2020-10-14T11:08:45+00:00,9.43
2020-10-14T11:09:30+00:00,9.17
2020-10-14T11:12:42+00:00,9.35
2020-10-14T11:13:04+00:00,9.27
2020-10-14T11:15:26+00:00,9.29
2020-10-14T11:16:14+00:00,9.34
2020-10-14T11:17:48+00:00,9.35
2020-10-14T11:20:31+00:00,9.53
2020-10-14T11:21:41+00:00,9.43
2020-10-14T11:22:50+00:00,9.42
2020-10-14T11:24:25+00:00,9.44
2020-10-14T11:25:10+00:00,9.45
2020-10-14T11:32:03+00:00,9.44
2020-10-14T11:33:13+00:00,9.42
2020-10-14T11:37:32+00:00,9.29
2020-10-14T11:40:14+00:00,9.5
2020-10-14T11:41:00+00:00,9.33
2020-10-14T11:46:05+00:00,9.48
2020-10-14T11:46:27+00:00,9.39
2020-10-14T11:46:49+00:00,9.48
2020-10-14T11:49:11+00:00,9.35
2020-10-14T11:52:42+00:00,9.44
2020-10-14T11:53:50+00:00,9.3
2020-10-14T11:56:34+00:00,9.44
2020-10-14T11:59:31+00:00,9.31
2020-10-14T12:00:17+00:00,9.38
2020-10-14T12:01:16+00:00,9.22
2020-10-14T12:02:49+00:00,9.31
2020-10-14T12:04:36+00:00,9.35
2020-10-14T12:08:07+00:00,9.38
2020-10-14T12:09:16+00:00,9.34
2020-10-14T12:10:26+00:00,9.26
2020-10-14T12:15:19+00:00,9.35
2020-10-14T12:17:39+00:00,9.3
2020-10-14T12:19:12+00:00,9.38
2020-10-14T12:20:46+00:00,9.38
2020-10-14T12:22:18+00:00,9.34
2020-10-14T12:23:27+00:00,9.38
2020-10-14T12:24:36+00:00,9.43
2020-10-14T12:26:57+00:00,9.34
2020-10-14T12:27:44+00:00,9.22
2020-10-14T12:28:54+00:00,9.43
2020-10-14T12:31:51+00:00,9.49
2020-10-14T12:32:36+00:00,9.25
2020-10-14T12:33:21+00:00,9.38
2020-10-14T12:35:40+00:00,9.42
2020-10-14T12:36:25+00:00,9.36
2020-10-14T12:37:11+00:00,9.4
2020-10-14T12:37:34+00:00,9.39
2020-10-14T12:38:20+00:00,9.38
2020-10-14T12:41:27+00:00,9.51
2020-10-14T12:42:35+00:00,9.29
2020-10-14T12:43:33+00:00,9.31
2020-10-14T12:46:41+00:00,9.31
2020-10-14T12:49:38+00:00,9.31
2020-10-14T12:50:00+00:00,9.31
2020-10-14T12:50:21+00:00,9.27
2020-10-14T12:52:32+00:00,9.35
2020-10-14T12:53:42+00:00,9.35
2020-10-14T12:55:39+00:00,9.31
2020-10-14T12:58:24+00:00,9.21
2020-10-14T12:58:46+00:00,9.37
2020-10-14T13:00:29+00:00,9.4
2020-10-14T13:01:40+00:00,9.36
2020-10-14T13:02:49+00:00,9.31
2020-10-14T13:04:00+00:00,9.4
2020-10-14T13:04:23+00:00,9.27
2020-10-14T13:05:56+00:00,9.31
2020-10-14T13:06:18+00:00,9.31
2020-10-14T13:12:36+00:00,9.13
2020-10-14T13:14:32+00:00,9.35
2020-10-14T13:14:54+00:00,9.21
2020-10-14T13:19:23+00:00,9.12
2020-10-14T13:22:18+00:00,9.29
2020-10-14T13:26:28+00:00,9.26
2020-10-14T13:26:51+00:00,9.2
2020-10-14T13:30:49+00:00,9.21
2020-10-14T13:31:57+00:00,9.25
2020-10-14T13:33:57+00:00,9.31
2020-10-14T13:34:20+00:00,9.3
2020-10-14T13:36:18+00:00,9.43
2020-10-14T13:37:51+00:00,9.25
2020-10-14T13:44:54+00:00,9.04
2020-10-14T13:45:16+00:00,9.27
2020-10-14T13:51:57+00:00,9.24
2020-10-14T13:52:46+00:00,9.21
2020-10-14T13:56:42+00:00,9.12
2020-10-14T13:58:03+00:00,9.2
2020-10-14T14:01:00+00:00,9.22
2020-10-14T14:01:22+00:00,9.07
2020-10-14T14:02:55+00:00,9.16
2020-10-14T14:03:16+00:00,9.22
2020-10-14T14:06:49+00:00,9.08
2020-10-14T14:07:23+00:00,9.26
2020-10-14T14:07:45+00:00,9.07
2020-10-14T14:08:31+00:00,9.21
2020-10-14T14:08:53+00:00,9.15
2020-10-14T14:11:37+00:00,9.3
2020-10-14T14:12:25+00:00,9.21
2020-10-14T14:16:21+00:00,9.13
2020-10-14T14:20:29+00:00,9.3
2020-10-14T14:28:26+00:00,9.24
2020-10-14T14:32:32+00:00,9.37
2020-10-14T14:33:41+00:00,9.31
2020-10-14T14:34:03+00:00,9.43
2020-10-14T14:36:00+00:00,9.31
2020-10-14T14:36:46+00:00,9.41
2020-10-14T14:37:08+00:00,9.23
2020-10-14T14:37:30+00:00,9.37
2020-10-14T14:38:16+00:00,9.33
2020-10-14T14:38:38+00:00,9.18
2020-10-14T14:41:00+00:00,9.37
2020-10-14T14:41:22+00:00,9.43
2020-10-14T14:42:53+00:00,9.33
2020-10-14T14:43:41+00:00,9.21
2020-10-14T14:46:14+00:00,9.42
2020-10-14T14:49:23+00:00,9.37
2020-10-14T14:50:57+00:00,9.43
2020-10-14T14:51:19+00:00,9.41
2020-10-14T14:52:06+00:00,9.3
2020-10-14T14:52:53+00:00,9.32
2020-10-14T14:53:38+00:00,9.25
2020-10-14T14:54:01+00:00,9.36
2020-10-14T14:55:11+00:00,9.43
2020-10-14T14:57:30+00:00,9.2
2020-10-14T14:58:15+00:00,9.3
2020-10-14T14:59:36+00:00,9.32
2020-10-14T15:00:22+00:00,9.29
2020-10-14T15:01:10+00:00,9.21
2020-10-14T15:01:56+00:00,9.28
2020-10-14T15:03:29+00:00,9.24
2020-10-14T15:04:16+00:00,9.37
2020-10-14T15:07:46+00:00,9.25
2020-10-14T15:10:33+00:00,9.3
2020-10-14T15:12:31+00:00,9.26
2020-10-14T15:17:37+00:00,9.36
2020-10-14T15:19:10+00:00,9.3
2020-10-14T15:19:33+00:00,9.36
2020-10-14T15:19:56+00:00,9.27
2020-10-14T15:20:42+00:00,9.27
2020-10-14T15:23:26+00:00,9.36
2020-10-14T15:23:49+00:00,9.3
2020-10-14T15:24:35+00:00,9.33
2020-10-14T15:29:29+00:00,9.36
2020-10-14T15:29:52+00:00,9.36
2020-10-14T15:30:37+00:00,9.36
2020-10-14T15:33:10+00:00,9.33
2020-10-14T15:33:57+00:00,9.35
2020-10-14T15:34:19+00:00,9.22
2020-10-14T15:37:51+00:00,9.36
2020-10-14T15:38:13+00:00,9.25
2020-10-14T15:39:57+00:00,9.48
2020-10-14T15:41:06+00:00,9.41
2020-10-14T15:42:28+00:00,9.2
2020-10-14T15:43:13+00:00,9.31
2020-10-14T15:45:11+00:00,9.57
2020-10-14T15:45:58+00:00,9.3
2020-10-14T15:46:20+00:00,9.26
2020-10-14T15:48:40+00:00,9.25
2020-10-14T15:49:50+00:00,9.41
2020-10-14T15:51:01+00:00,9.41
2020-10-14T15:51:22+00:00,9.36
2020-10-14T15:53:19+00:00,9.42
2020-10-14T15:53:41+00:00,9.44
2020-10-14T15:54:52+00:00,9.3
2020-10-14T15:55:15+00:00,9.17
2020-10-14T15:57:34+00:00,9.3
2020-10-14T15:59:06+00:00,9.36
2020-10-14T16:00:40+00:00,9.38
2020-10-14T16:02:14+00:00,9.21
2020-10-14T16:03:25+00:00,9.21
2020-10-14T16:03:47+00:00,9.25
2020-10-14T16:09:07+00:00,9.38
2020-10-14T16:11:05+00:00,9.36
2020-10-14T16:12:37+00:00,9.46
2020-10-14T16:13:25+00:00,9.43
2020-10-14T16:18:06+00:00,9.46
2020-10-14T16:20:01+00:00,9.38
2020-10-14T16:21:35+00:00,9.34
2020-10-14T16:23:07+00:00,9.2
2020-10-14T16:25:49+00:00,9.29
2020-10-14T16:26:38+00:00,9.3
2020-10-14T16:26:59+00:00,9.11
2020-10-14T16:27:21+00:00,9.17
2020-10-14T16:29:17+00:00,9.2
2020-10-14T16:30:49+00:00,9.32
2020-10-14T16:32:46+00:00,9.36
2020-10-14T16:33:20+00:00,9.14
2020-10-14T16:33:42+00:00,19.02
2020-10-14T16:34:31+00:00,13.9
2020-10-14T16:35:17+00:00,9.46
2020-10-14T16:35:39+00:00,16.45
2020-10-14T16:36:25+00:00,7.58
2020-10-14T16:36:47+00:00,16.07
2020-10-14T16:37:33+00:00,10.63
2020-10-14T16:37:55+00:00,17.72
2020-10-14T16:38:18+00:00,15.38
2020-10-14T16:38:40+00:00,16.14
2020-10-14T16:39:02+00:00,15.86
2020-10-14T16:39:24+00:00,15.72
2020-10-14T16:39:46+00:00,18.44
2020-10-14T16:40:08+00:00,17.09
2020-10-14T16:40:29+00:00,13.47
2020-10-14T16:40:51+00:00,10.74
2020-10-14T16:41:37+00:00,18.23
2020-10-14T16:42:23+00:00,18.41
2020-10-14T16:42:44+00:00,16.31
2020-10-14T16:43:06+00:00,17.17
2020-10-14T16:43:28+00:00,17.6